faculty,institute
Faculty of ​Theology,Institute of Old Testament Studies
Faculty of ​Theology,Institute for New Testament Studies
Faculty of ​Theology,Institute of Jewish Studies
Faculty of ​Theology,Institute of Historical Theology
Faculty of ​Theology,Institute of Systematic Theology
Faculty of ​Theology,Institute of Practical Theology
Faculty of ​Theology,Institute of Empirical Religious Research
Faculty of ​Theology,Institute of Old Catholic Theology
Faculty of ​Law,Institute for the History of Law
Faculty of ​Law,Institute of Roman Law
Faculty of ​Law,Institute of Public Law
Faculty of ​Law,Center for Health Law and Management
Faculty of ​Law,Institute of Banking Law
Faculty of ​Law,Institute for Private International Law and Civil Procedure
Faculty of ​Law,Institute for Liability and Insurance Law
Faculty of ​Law,Institute of Notary Law and Practice
Faculty of ​Law,Institute for Civil Law
Faculty of ​Law,Institute for Penal Law and Criminology
Faculty of ​Law,Institute of Tax Law
Faculty of ​Law,Institute of European and International Economic Law
Faculty of ​Law,Institute for Economic Law
Faculty of ​Law,Center for the Law of Innovation and Competition
"Faculty of Business, Economics ​and Social Sciences",Institute of Financial Management
"Faculty of Business, Economics ​and Social Sciences",Institute of Marketing ‌and Management
"Faculty of Business, Economics ​and Social Sciences",Institute of Organization and Human Resource Management
"Faculty of Business, Economics ​and Social Sciences",Institute for Accounting and Controlling
"Faculty of Business, Economics ​and Social Sciences",Institute of Information Systems
"Faculty of Business, Economics ​and Social Sciences",Department of Economics
"Faculty of Business, Economics ​and Social Sciences",Institute of Sociology
"Faculty of Business, Economics ​and Social Sciences",Institute of Communication and Media Studies (icmb)
"Faculty of Business, Economics ​and Social Sciences",Institute of Political Science
"Faculty of Business, Economics ​and Social Sciences",Center for Regional Economic Development (CRED)
Faculty of ​Medicine,Institute for Infectious Diseases
Faculty of ​Medicine,Institute of Tissue Medicine and Pathology
Faculty of ​Medicine,Institute of Forensic Medicine
Faculty of ​Medicine,Institute of Anatomy
Faculty of ​Medicine,Institute of Biochemistry and Molecular Medicine
Faculty of ​Medicine,Institute for the History of Medicine
Faculty of ​Medicine,Institute of Pharmacology
Faculty of ​Medicine,Department of Physiology
Faculty of ​Medicine,Institute of Social and Preventive Medicine (ISPM)
Faculty of ​Medicine,Theodor Kocher Institute (TKI)
Faculty of ​Medicine,Department for BioMedical Research (DBMR)
Faculty of ​Medicine,School of Dental Medicine
Faculty of ​Medicine,Overview
Faculty of ​Medicine,Institute of Primary Health Care (BIHAM)
Faculty of ​Medicine,Institute of Complementary and Integrative Medicine
Faculty of ​Medicine,Institute for Medical Education
Faculty of ​Medicine,ARTORG Center for Biomedical Engineering Research
Faculty of ​Medicine,Bern Center for Precision Medicine (BCPM)
Faculty of ​Medicine,sitem Center for Translational Medicine and Biomedical Entrepreneurship
Faculty of ​Medicine,Center for Artificial Intelligence in Medicine
Faculty of ​Medicine,Department of Clinical Research (DCR)
Vetsuisse Faculty,Small Animal Clinic
Vetsuisse Faculty,Equine Clinic
Vetsuisse Faculty,Farm Animal Clinic
Vetsuisse Faculty,Clinical Anesthesiology
Vetsuisse Faculty,Clinical Dermatology
Vetsuisse Faculty,Clinical Laboratory
Vetsuisse Faculty,Clinical Neurology
Vetsuisse Faculty,Clinical Radiology
Vetsuisse Faculty,Institute for Fish and Wildlife Health
Vetsuisse Faculty,Institute of Parasitology
Vetsuisse Faculty,Institute of Animal Pathology
Vetsuisse Faculty,Institute of Virology and Immunology
Vetsuisse Faculty,Institute of Veterinary Bacteriology
Vetsuisse Faculty,Division of Neurological Sciences
Vetsuisse Faculty,Division of Veterinary Anatomy
Vetsuisse Faculty,Division of Veterinary Pharmacology & Toxicology
Vetsuisse Faculty,Veterinary Physiology
Vetsuisse Faculty,Veterinary Public Health Institute
Vetsuisse Faculty,Institute of Bee Health
Vetsuisse Faculty,Institute of Genetics
Vetsuisse Faculty,Multidisciplinary Center for Infectious Diseases (MCID)
Faculty of ​Humanities,Institute of History
Faculty of ​Humanities,Institute of Archaeological Sciences
Faculty of ​Humanities,Institute for the Study of the Middle East and Muslim Societies
Faculty of ​Humanities,Institute of Art History
Faculty of ​Humanities,The Institute of Musicology
Faculty of ​Humanities,Institute of Philosophy
Faculty of ​Humanities,Institute for the Science of Religion
Faculty of ​Humanities,Institute of Social Anthropology
Faculty of ​Humanities,Institute of Theatre Studies
Faculty of ​Humanities,Department of English
Faculty of ​Humanities,Institute of French Language and Literature
Faculty of ​Humanities,Institute of Germanic Languages and Literatures
Faculty of ​Humanities,Institute of Italian Language and Literature
Faculty of ​Humanities,Institute of Classical Philology
Faculty of ​Humanities,Institute of Slavic Languages and Literatures
Faculty of ​Humanities,Department of Spanish Language and Literature
Faculty of ​Humanities,Department of Linguistics
Faculty of ​Humanities,Center for Global Studies (CGS)
Faculty of ​Humanities,Center for the Study of Language and Society (CSLS)
Faculty of ​Humanities,Digital Humanities
Faculty of ​Humanities,Research forum
Faculty of ​Humanities,Interdisciplinary Postgraduate Research Network (IPN)
Faculty of ​Humanities,Graduate School of the Arts and Humanities (GSAH)
Faculty of ​Humanities,Interdisciplinary Centre for Gender Studies
Faculty of ​Humanities,Interdisciplinary Research Program in Jewish Studies
Faculty of ​Humanities,Eastern European Studies Bern-Fribourg
Faculty of ​Human Sciences,Institute of Educational Science
Faculty of ​Human Sciences,Institute of Psychology
Faculty of ​Human Sciences,Institute of Sport Science
Faculty of ​Human Sciences,Doctoral Program Brain and Behavioral Sciences
Faculty of ​Science,Mathematical Institute
Faculty of ​Science,Institute of Mathematical Statistics and Actuarial Science
Faculty of ​Science,Department of Mathematics and Statistics
Faculty of ​Science,Institute of Computer Science
Faculty of ​Science,Department of Physics and Astronomy
Faculty of ​Science,Astronomical Institute
Faculty of ​Science,Institute of Applied Physics
Faculty of ​Science,Institute for Theoretical Physics
Faculty of ​Science,"Department of Chemistry, Biochemistry and Pharmaceutical Sciences"
Faculty of ​Science,Institute of Cell Biology
Faculty of ​Science,Institute of Ecology and Evolution
Faculty of ​Science,Institute of Plant Sciences
Faculty of ​Science,Interfaculty Bioinformatics Unit
Faculty of ​Science,Institute of Geological Sciences
Faculty of ​Science,Institute of Geography
Faculty of ​Science,Albert Einstein Center for Fundamental Physics (AEC)
Faculty of ​Science,Bern Center for Precision Medicine (BCPM)
Faculty of ​Science,Centre for Development and Environment (CDE)
Faculty of ​Science,Center for Regional Economic Development (CRED)
Faculty of ​Science,Center for Space and Habitability (CSH)
Faculty of ​Science,Oeschger Centre for Climate Change Research (OCCR)
Centers and interfaculty units,Albert Einstein Center for Fundamental Physics (AEC)
Centers and interfaculty units,ARTORG Center for Biomedical Engineering Research
Centers and interfaculty units,Bern Center for Precision Medicine (BCPM)
Centers and interfaculty units,Center for Regional Economic Development (CRED)
Centers and interfaculty units,Center for Space and Habitability (CSH)
Centers and interfaculty units,Centre for Development & Environment (CDE)
Centers and interfaculty units,KPM Center for Public Management
Centers and interfaculty units,Multidisciplinary Center for Infectious Diseases (MCID)
Centers and interfaculty units,Oeschger Centre for Climate Change Research (OCCR)
Centers and interfaculty units,World Trade Institute (WTI)
Centers and interfaculty units,Interdisciplinary Centre for Gender Studies (ICFG)
Centers and interfaculty units,Walter Benjamin Kolleg (WBK)
Centers and interfaculty units,Collegium generale (CG)
Centers and interfaculty units,Experimental Animal Center (EAC)
Centers and interfaculty units,Interfaculty Bioinformatics Unit (IBU)
Centers and interfaculty units,Microscopy Imaging Center (MIC)
Graduate Schools,Graduate School of the Arts and Humanities (GSAH)
Graduate Schools,Graduate School for Cellular and Biomedical Sciences (GCB)
Graduate Schools,Graduate School of Climate Sciences
Graduate Schools,Graduate School of Economic Globalisation and Integration at the World Trade Institute
Graduate Schools,Graduate School Gender Studies
Graduate Schools,Graduate School for Health Sciences (GHS)
Graduate Schools,International Graduate School North-South (IGS North-South)
